Drug,Preferred_Term,Local_Respiratory_Reports,Local_Deaths,Observed_Death_Rate,OpenFDA_Current_Count,OpenFDA_Rank_Within_Drug,Current_to_Local_Ratio,Audit_Status,OpenFDA_Query_URL,OpenFDA_Queried_At,OpenFDA_Error
DUPIXENT,ASTHMA,13769,25,0.001815672888372431,14268,13,1.0362408308519138,RECOVERED_COMPATIBLE_MAGNITUDE,https://api.fda.gov/drug/event.json?search=patient.drug.medicinalproduct.exact%3A%22DUPIXENT%22&count=patient.reaction.reactionmeddrapt.exact&limit=500,2026-05-11T18:54:39,
DUPIXENT,DYSPNOEA,11346,56,0.004935660144544333,12150,16,1.0708619777895294,RECOVERED_COMPATIBLE_MAGNITUDE,https://api.fda.gov/drug/event.json?search=patient.drug.medicinalproduct.exact%3A%22DUPIXENT%22&count=patient.reaction.reactionmeddrapt.exact&limit=500,2026-05-11T18:54:39,
DUPIXENT,COUGH,9223,19,0.0020600672232462323,9676,25,1.049116339585818,RECOVERED_COMPATIBLE_MAGNITUDE,https://api.fda.gov/drug/event.json?search=patient.drug.medicinalproduct.exact%3A%22DUPIXENT%22&count=patient.reaction.reactionmeddrapt.exact&limit=500,2026-05-11T18:54:39,
DUPIXENT,NASAL CONGESTION,3817,6,0.0015719151165837044,3999,57,1.047681425203039,RECOVERED_COMPATIBLE_MAGNITUDE,https://api.fda.gov/drug/event.json?search=patient.drug.medicinalproduct.exact%3A%22DUPIXENT%22&count=patient.reaction.reactionmeddrapt.exact&limit=500,2026-05-11T18:54:39,
DUPIXENT,RHINORRHOEA,3144,3,0.0009541984732824427,3288,72,1.0458015267175573,RECOVERED_COMPATIBLE_MAGNITUDE,https://api.fda.gov/drug/event.json?search=patient.drug.medicinalproduct.exact%3A%22DUPIXENT%22&count=patient.reaction.reactionmeddrapt.exact&limit=500,2026-05-11T18:54:39,
DUPIXENT,OROPHARYNGEAL PAIN,2885,0,0.0,2949,77,1.0221837088388215,RECOVERED_COMPATIBLE_MAGNITUDE,https://api.fda.gov/drug/event.json?search=patient.drug.medicinalproduct.exact%3A%22DUPIXENT%22&count=patient.reaction.reactionmeddrapt.exact&limit=500,2026-05-11T18:54:39,
DUPIXENT,WHEEZING,2492,7,0.0028089887640449437,2638,83,1.0585874799357946,RECOVERED_COMPATIBLE_MAGNITUDE,https://api.fda.gov/drug/event.json?search=patient.drug.medicinalproduct.exact%3A%22DUPIXENT%22&count=patient.reaction.reactionmeddrapt.exact&limit=500,2026-05-11T18:54:39,
DUPIXENT,NASAL POLYPS,1649,0,0.0,1817,113,1.1018799272286235,RECOVERED_COMPATIBLE_MAGNITUDE,https://api.fda.gov/drug/event.json?search=patient.drug.medicinalproduct.exact%3A%22DUPIXENT%22&count=patient.reaction.reactionmeddrapt.exact&limit=500,2026-05-11T18:54:39,
ENBREL,COUGH,10521,40,0.0038019199695846404,12023,37,1.1427620948579031,RECOVERED_COMPATIBLE_MAGNITUDE,https://api.fda.gov/drug/event.json?search=patient.drug.medicinalproduct.exact%3A%22ENBREL%22&count=patient.reaction.reactionmeddrapt.exact&limit=500,2026-05-11T18:54:39,
ENBREL,DYSPNOEA,5924,127,0.021438217420661716,11241,40,1.8975354490209317,RECOVERED_COMPATIBLE_MAGNITUDE,https://api.fda.gov/drug/event.json?search=patient.drug.medicinalproduct.exact%3A%22ENBREL%22&count=patient.reaction.reactionmeddrapt.exact&limit=500,2026-05-11T18:54:39,
ENBREL,OROPHARYNGEAL PAIN,5594,6,0.0010725777618877368,5971,87,1.0673936360386127,RECOVERED_COMPATIBLE_MAGNITUDE,https://api.fda.gov/drug/event.json?search=patient.drug.medicinalproduct.exact%3A%22ENBREL%22&count=patient.reaction.reactionmeddrapt.exact&limit=500,2026-05-11T18:54:39,
ENBREL,RHINORRHOEA,3583,2,0.0005581914596706671,3834,134,1.0700530281886687,RECOVERED_COMPATIBLE_MAGNITUDE,https://api.fda.gov/drug/event.json?search=patient.drug.medicinalproduct.exact%3A%22ENBREL%22&count=patient.reaction.reactionmeddrapt.exact&limit=500,2026-05-11T18:54:39,
ENBREL,NASAL CONGESTION,2884,1,0.00034674063800277393,3201,151,1.1099167822468794,RECOVERED_COMPATIBLE_MAGNITUDE,https://api.fda.gov/drug/event.json?search=patient.drug.medicinalproduct.exact%3A%22ENBREL%22&count=patient.reaction.reactionmeddrapt.exact&limit=500,2026-05-11T18:54:39,
ENBREL,RESPIRATORY TRACT CONGESTION,2173,0,0.0,2327,189,1.0708697653014265,RECOVERED_COMPATIBLE_MAGNITUDE,https://api.fda.gov/drug/event.json?search=patient.drug.medicinalproduct.exact%3A%22ENBREL%22&count=patient.reaction.reactionmeddrapt.exact&limit=500,2026-05-11T18:54:39,
ENBREL,PRODUCTIVE COUGH,1948,7,0.003593429158110883,2190,196,1.124229979466119,RECOVERED_COMPATIBLE_MAGNITUDE,https://api.fda.gov/drug/event.json?search=patient.drug.medicinalproduct.exact%3A%22ENBREL%22&count=patient.reaction.reactionmeddrapt.exact&limit=500,2026-05-11T18:54:39,
ENBREL,SINUS CONGESTION,1669,1,0.0005991611743559018,1721,237,1.031156381066507,RECOVERED_COMPATIBLE_MAGNITUDE,https://api.fda.gov/drug/event.json?search=patient.drug.medicinalproduct.exact%3A%22ENBREL%22&count=patient.reaction.reactionmeddrapt.exact&limit=500,2026-05-11T18:54:39,
ENTRESTO,DYSPNOEA,7782,345,0.04433307632999229,8940,3,1.148804934464148,RECOVERED_COMPATIBLE_MAGNITUDE,https://api.fda.gov/drug/event.json?search=patient.drug.medicinalproduct.exact%3A%22ENTRESTO%22&count=patient.reaction.reactionmeddrapt.exact&limit=500,2026-05-11T18:54:39,
ENTRESTO,COUGH,7316,88,0.01202843083652269,7843,6,1.0720338983050848,RECOVERED_COMPATIBLE_MAGNITUDE,https://api.fda.gov/drug/event.json?search=patient.drug.medicinalproduct.exact%3A%22ENTRESTO%22&count=patient.reaction.reactionmeddrapt.exact&limit=500,2026-05-11T18:54:39,
ENTRESTO,THROAT CLEARING,1505,1,0.000664451827242525,1549,46,1.0292358803986712,RECOVERED_COMPATIBLE_MAGNITUDE,https://api.fda.gov/drug/event.json?search=patient.drug.medicinalproduct.exact%3A%22ENTRESTO%22&count=patient.reaction.reactionmeddrapt.exact&limit=500,2026-05-11T18:54:39,
ENTRESTO,PULMONARY OEDEMA,779,96,0.12323491655969192,958,75,1.2297817715019255,RECOVERED_COMPATIBLE_MAGNITUDE,https://api.fda.gov/drug/event.json?search=patient.drug.medicinalproduct.exact%3A%22ENTRESTO%22&count=patient.reaction.reactionmeddrapt.exact&limit=500,2026-05-11T18:54:39,
ENTRESTO,RHINORRHOEA,764,8,0.010471204188481676,837,86,1.0955497382198953,RECOVERED_COMPATIBLE_MAGNITUDE,https://api.fda.gov/drug/event.json?search=patient.drug.medicinalproduct.exact%3A%22ENTRESTO%22&count=patient.reaction.reactionmeddrapt.exact&limit=500,2026-05-11T18:54:39,
ENTRESTO,DYSPNOEA EXERTIONAL,606,22,0.036303630363036306,807,91,1.3316831683168318,RECOVERED_COMPATIBLE_MAGNITUDE,https://api.fda.gov/drug/event.json?search=patient.drug.medicinalproduct.exact%3A%22ENTRESTO%22&count=patient.reaction.reactionmeddrapt.exact&limit=500,2026-05-11T18:54:39,
ENTRESTO,DYSPHONIA,434,1,0.002304147465437788,505,125,1.163594470046083,RECOVERED_COMPATIBLE_MAGNITUDE,https://api.fda.gov/drug/event.json?search=patient.drug.medicinalproduct.exact%3A%22ENTRESTO%22&count=patient.reaction.reactionmeddrapt.exact&limit=500,2026-05-11T18:54:39,
ENTRESTO,CHRONIC OBSTRUCTIVE PULMONARY DISEASE,423,43,0.1016548463356974,522,119,1.2340425531914894,RECOVERED_COMPATIBLE_MAGNITUDE,https://api.fda.gov/drug/event.json?search=patient.drug.medicinalproduct.exact%3A%22ENTRESTO%22&count=patient.reaction.reactionmeddrapt.exact&limit=500,2026-05-11T18:54:39,
HUMIRA,COUGH,10361,82,0.007914293987066886,11784,47,1.1373419554097095,RECOVERED_COMPATIBLE_MAGNITUDE,https://api.fda.gov/drug/event.json?search=patient.drug.medicinalproduct.exact%3A%22HUMIRA%22&count=patient.reaction.reactionmeddrapt.exact&limit=500,2026-05-11T18:54:39,
HUMIRA,DYSPNOEA,9583,360,0.03756652405301054,14511,28,1.5142439737034332,RECOVERED_COMPATIBLE_MAGNITUDE,https://api.fda.gov/drug/event.json?search=patient.drug.medicinalproduct.exact%3A%22HUMIRA%22&count=patient.reaction.reactionmeddrapt.exact&limit=500,2026-05-11T18:54:39,
HUMIRA,OROPHARYNGEAL PAIN,5499,15,0.002727768685215494,6161,97,1.1203855246408438,RECOVERED_COMPATIBLE_MAGNITUDE,https://api.fda.gov/drug/event.json?search=patient.drug.medicinalproduct.exact%3A%22HUMIRA%22&count=patient.reaction.reactionmeddrapt.exact&limit=500,2026-05-11T18:54:39,
HUMIRA,RHINORRHOEA,2907,4,0.0013759889920880633,3326,169,1.1441348469212247,RECOVERED_COMPATIBLE_MAGNITUDE,https://api.fda.gov/drug/event.json?search=patient.drug.medicinalproduct.exact%3A%22HUMIRA%22&count=patient.reaction.reactionmeddrapt.exact&limit=500,2026-05-11T18:54:39,
HUMIRA,NASAL CONGESTION,2638,7,0.00265352539802881,2991,186,1.1338134950720242,RECOVERED_COMPATIBLE_MAGNITUDE,https://api.fda.gov/drug/event.json?search=patient.drug.medicinalproduct.exact%3A%22HUMIRA%22&count=patient.reaction.reactionmeddrapt.exact&limit=500,2026-05-11T18:54:39,
HUMIRA,RESPIRATORY TRACT CONGESTION,2040,5,0.0024509803921568627,2135,250,1.0465686274509804,RECOVERED_COMPATIBLE_MAGNITUDE,https://api.fda.gov/drug/event.json?search=patient.drug.medicinalproduct.exact%3A%22HUMIRA%22&count=patient.reaction.reactionmeddrapt.exact&limit=500,2026-05-11T18:54:39,
HUMIRA,ASTHMA,1877,44,0.023441662226957913,4020,147,2.1417155034629727,RECOVERED_COMPATIBLE_MAGNITUDE,https://api.fda.gov/drug/event.json?search=patient.drug.medicinalproduct.exact%3A%22HUMIRA%22&count=patient.reaction.reactionmeddrapt.exact&limit=500,2026-05-11T18:54:39,
HUMIRA,CHRONIC OBSTRUCTIVE PULMONARY DISEASE,1874,217,0.11579509071504802,2067,258,1.1029882604055496,RECOVERED_COMPATIBLE_MAGNITUDE,https://api.fda.gov/drug/event.json?search=patient.drug.medicinalproduct.exact%3A%22HUMIRA%22&count=patient.reaction.reactionmeddrapt.exact&limit=500,2026-05-11T18:54:39,
LETAIRIS,DYSPNOEA,6836,92,0.013458162668227034,10094,1,1.4765944997074312,RECOVERED_COMPATIBLE_MAGNITUDE,https://api.fda.gov/drug/event.json?search=patient.drug.medicinalproduct.exact%3A%22LETAIRIS%22&count=patient.reaction.reactionmeddrapt.exact&limit=500,2026-05-11T18:54:39,
LETAIRIS,NASAL CONGESTION,1635,4,0.0024464831804281344,2322,14,1.420183486238532,RECOVERED_COMPATIBLE_MAGNITUDE,https://api.fda.gov/drug/event.json?search=patient.drug.medicinalproduct.exact%3A%22LETAIRIS%22&count=patient.reaction.reactionmeddrapt.exact&limit=500,2026-05-11T18:54:39,
LETAIRIS,COUGH,1425,5,0.0035087719298245615,2518,12,1.7670175438596492,RECOVERED_COMPATIBLE_MAGNITUDE,https://api.fda.gov/drug/event.json?search=patient.drug.medicinalproduct.exact%3A%22LETAIRIS%22&count=patient.reaction.reactionmeddrapt.exact&limit=500,2026-05-11T18:54:39,
LETAIRIS,PULMONARY ARTERIAL HYPERTENSION,701,97,0.1383737517831669,1430,22,2.0399429386590584,RECOVERED_COMPATIBLE_MAGNITUDE,https://api.fda.gov/drug/event.json?search=patient.drug.medicinalproduct.exact%3A%22LETAIRIS%22&count=patient.reaction.reactionmeddrapt.exact&limit=500,2026-05-11T18:54:39,
LETAIRIS,PULMONARY HYPERTENSION,576,141,0.24479166666666666,981,36,1.703125,RECOVERED_COMPATIBLE_MAGNITUDE,https://api.fda.gov/drug/event.json?search=patient.drug.medicinalproduct.exact%3A%22LETAIRIS%22&count=patient.reaction.reactionmeddrapt.exact&limit=500,2026-05-11T18:54:39,
LETAIRIS,RESPIRATORY FAILURE,560,171,0.3053571428571429,740,47,1.3214285714285714,RECOVERED_COMPATIBLE_MAGNITUDE,https://api.fda.gov/drug/event.json?search=patient.drug.medicinalproduct.exact%3A%22LETAIRIS%22&count=patient.reaction.reactionmeddrapt.exact&limit=500,2026-05-11T18:54:39,
LETAIRIS,EPISTAXIS,398,2,0.005025125628140704,725,49,1.821608040201005,RECOVERED_COMPATIBLE_MAGNITUDE,https://api.fda.gov/drug/event.json?search=patient.drug.medicinalproduct.exact%3A%22LETAIRIS%22&count=patient.reaction.reactionmeddrapt.exact&limit=500,2026-05-11T18:54:39,
LETAIRIS,CHRONIC OBSTRUCTIVE PULMONARY DISEASE,369,47,0.12737127371273713,453,77,1.2276422764227641,RECOVERED_COMPATIBLE_MAGNITUDE,https://api.fda.gov/drug/event.json?search=patient.drug.medicinalproduct.exact%3A%22LETAIRIS%22&count=patient.reaction.reactionmeddrapt.exact&limit=500,2026-05-11T18:54:39,
REVLIMID,DYSPNOEA,5661,248,0.04380851439674969,6376,22,1.126302773361597,RECOVERED_COMPATIBLE_MAGNITUDE,https://api.fda.gov/drug/event.json?search=patient.drug.medicinalproduct.exact%3A%22REVLIMID%22&count=patient.reaction.reactionmeddrapt.exact&limit=500,2026-05-11T18:54:39,
REVLIMID,COUGH,3321,80,0.02408912978018669,3655,44,1.1005721168322795,RECOVERED_COMPATIBLE_MAGNITUDE,https://api.fda.gov/drug/event.json?search=patient.drug.medicinalproduct.exact%3A%22REVLIMID%22&count=patient.reaction.reactionmeddrapt.exact&limit=500,2026-05-11T18:54:39,
REVLIMID,PULMONARY EMBOLISM,2808,215,0.07656695156695156,3110,53,1.1075498575498575,RECOVERED_COMPATIBLE_MAGNITUDE,https://api.fda.gov/drug/event.json?search=patient.drug.medicinalproduct.exact%3A%22REVLIMID%22&count=patient.reaction.reactionmeddrapt.exact&limit=500,2026-05-11T18:54:39,
REVLIMID,RHINORRHOEA,1039,2,0.0019249278152069298,1114,132,1.07218479307026,RECOVERED_COMPATIBLE_MAGNITUDE,https://api.fda.gov/drug/event.json?search=patient.drug.medicinalproduct.exact%3A%22REVLIMID%22&count=patient.reaction.reactionmeddrapt.exact&limit=500,2026-05-11T18:54:39,
REVLIMID,PULMONARY THROMBOSIS,982,9,0.009164969450101833,1017,142,1.035641547861507,RECOVERED_COMPATIBLE_MAGNITUDE,https://api.fda.gov/drug/event.json?search=patient.drug.medicinalproduct.exact%3A%22REVLIMID%22&count=patient.reaction.reactionmeddrapt.exact&limit=500,2026-05-11T18:54:39,
REVLIMID,OROPHARYNGEAL PAIN,955,3,0.0031413612565445027,1080,138,1.130890052356021,RECOVERED_COMPATIBLE_MAGNITUDE,https://api.fda.gov/drug/event.json?search=patient.drug.medicinalproduct.exact%3A%22REVLIMID%22&count=patient.reaction.reactionmeddrapt.exact&limit=500,2026-05-11T18:54:39,
REVLIMID,EPISTAXIS,940,28,0.029787234042553193,1125,128,1.196808510638298,RECOVERED_COMPATIBLE_MAGNITUDE,https://api.fda.gov/drug/event.json?search=patient.drug.medicinalproduct.exact%3A%22REVLIMID%22&count=patient.reaction.reactionmeddrapt.exact&limit=500,2026-05-11T18:54:39,
REVLIMID,DYSPHONIA,908,10,0.011013215859030838,979,148,1.078193832599119,RECOVERED_COMPATIBLE_MAGNITUDE,https://api.fda.gov/drug/event.json?search=patient.drug.medicinalproduct.exact%3A%22REVLIMID%22&count=patient.reaction.reactionmeddrapt.exact&limit=500,2026-05-11T18:54:39,
SPIRIVA,DYSPNOEA,8785,81,0.009220261809903244,20987,2,2.388958451906659,RECOVERED_COMPATIBLE_MAGNITUDE,https://api.fda.gov/drug/event.json?search=patient.drug.medicinalproduct.exact%3A%22SPIRIVA%22&count=patient.reaction.reactionmeddrapt.exact&limit=500,2026-05-11T18:54:39,
SPIRIVA,COUGH,2484,7,0.002818035426731079,8053,5,3.2419484702093397,RECOVERED_COMPATIBLE_MAGNITUDE,https://api.fda.gov/drug/event.json?search=patient.drug.medicinalproduct.exact%3A%22SPIRIVA%22&count=patient.reaction.reactionmeddrapt.exact&limit=500,2026-05-11T18:54:39,
SPIRIVA,CHRONIC OBSTRUCTIVE PULMONARY DISEASE,1935,181,0.09354005167958657,5789,9,2.9917312661498707,RECOVERED_COMPATIBLE_MAGNITUDE,https://api.fda.gov/drug/event.json?search=patient.drug.medicinalproduct.exact%3A%22SPIRIVA%22&count=patient.reaction.reactionmeddrapt.exact&limit=500,2026-05-11T18:54:39,
SPIRIVA,ASTHMA,1434,11,0.007670850767085077,9663,3,6.7384937238493725,RECOVERED_COMPATIBLE_MAGNITUDE,https://api.fda.gov/drug/event.json?search=patient.drug.medicinalproduct.exact%3A%22SPIRIVA%22&count=patient.reaction.reactionmeddrapt.exact&limit=500,2026-05-11T18:54:39,
SPIRIVA,WHEEZING,1175,8,0.006808510638297872,6000,7,5.1063829787234045,RECOVERED_COMPATIBLE_MAGNITUDE,https://api.fda.gov/drug/event.json?search=patient.drug.medicinalproduct.exact%3A%22SPIRIVA%22&count=patient.reaction.reactionmeddrapt.exact&limit=500,2026-05-11T18:54:39,
SPIRIVA,DYSPHONIA,1105,2,0.0018099547511312218,2284,32,2.0669683257918554,RECOVERED_COMPATIBLE_MAGNITUDE,https://api.fda.gov/drug/event.json?search=patient.drug.medicinalproduct.exact%3A%22SPIRIVA%22&count=patient.reaction.reactionmeddrapt.exact&limit=500,2026-05-11T18:54:39,
SPIRIVA,OROPHARYNGEAL PAIN,599,2,0.00333889816360601,1644,49,2.7445742904841404,RECOVERED_COMPATIBLE_MAGNITUDE,https://api.fda.gov/drug/event.json?search=patient.drug.medicinalproduct.exact%3A%22SPIRIVA%22&count=patient.reaction.reactionmeddrapt.exact&limit=500,2026-05-11T18:54:39,
SPIRIVA,PRODUCTIVE COUGH,594,5,0.008417508417508417,3346,18,5.632996632996633,RECOVERED_COMPATIBLE_MAGNITUDE,https://api.fda.gov/drug/event.json?search=patient.drug.medicinalproduct.exact%3A%22SPIRIVA%22&count=patient.reaction.reactionmeddrapt.exact&limit=500,2026-05-11T18:54:39,
SYMBICORT,DYSPNOEA,6797,57,0.008386052670295718,17581,1,2.5865823157275267,RECOVERED_COMPATIBLE_MAGNITUDE,https://api.fda.gov/drug/event.json?search=patient.drug.medicinalproduct.exact%3A%22SYMBICORT%22&count=patient.reaction.reactionmeddrapt.exact&limit=500,2026-05-11T18:54:39,
SYMBICORT,ASTHMA,3273,47,0.01435991445157348,11958,2,3.6535288725939505,RECOVERED_COMPATIBLE_MAGNITUDE,https://api.fda.gov/drug/event.json?search=patient.drug.medicinalproduct.exact%3A%22SYMBICORT%22&count=patient.reaction.reactionmeddrapt.exact&limit=500,2026-05-11T18:54:39,
SYMBICORT,COUGH,2293,12,0.005233318796336677,7827,3,3.4134321849105973,RECOVERED_COMPATIBLE_MAGNITUDE,https://api.fda.gov/drug/event.json?search=patient.drug.medicinalproduct.exact%3A%22SYMBICORT%22&count=patient.reaction.reactionmeddrapt.exact&limit=500,2026-05-11T18:54:39,
SYMBICORT,CHRONIC OBSTRUCTIVE PULMONARY DISEASE,1569,51,0.032504780114722756,4016,11,2.5595920968769916,RECOVERED_COMPATIBLE_MAGNITUDE,https://api.fda.gov/drug/event.json?search=patient.drug.medicinalproduct.exact%3A%22SYMBICORT%22&count=patient.reaction.reactionmeddrapt.exact&limit=500,2026-05-11T18:54:39,
SYMBICORT,WHEEZING,1371,1,0.0007293946024799417,5694,7,4.153172866520788,RECOVERED_COMPATIBLE_MAGNITUDE,https://api.fda.gov/drug/event.json?search=patient.drug.medicinalproduct.exact%3A%22SYMBICORT%22&count=patient.reaction.reactionmeddrapt.exact&limit=500,2026-05-11T18:54:39,
SYMBICORT,DYSPHONIA,1065,2,0.0018779342723004694,2068,40,1.9417840375586854,RECOVERED_COMPATIBLE_MAGNITUDE,https://api.fda.gov/drug/event.json?search=patient.drug.medicinalproduct.exact%3A%22SYMBICORT%22&count=patient.reaction.reactionmeddrapt.exact&limit=500,2026-05-11T18:54:39,
SYMBICORT,OROPHARYNGEAL PAIN,581,1,0.0017211703958691911,1772,49,3.0499139414802063,RECOVERED_COMPATIBLE_MAGNITUDE,https://api.fda.gov/drug/event.json?search=patient.drug.medicinalproduct.exact%3A%22SYMBICORT%22&count=patient.reaction.reactionmeddrapt.exact&limit=500,2026-05-11T18:54:39,
SYMBICORT,LUNG DISORDER,526,15,0.028517110266159697,1414,64,2.688212927756654,RECOVERED_COMPATIBLE_MAGNITUDE,https://api.fda.gov/drug/event.json?search=patient.drug.medicinalproduct.exact%3A%22SYMBICORT%22&count=patient.reaction.reactionmeddrapt.exact&limit=500,2026-05-11T18:54:39,
XARELTO,EPISTAXIS,4501,682,0.15152188402577205,6281,4,1.3954676738502556,RECOVERED_COMPATIBLE_MAGNITUDE,https://api.fda.gov/drug/event.json?search=patient.drug.medicinalproduct.exact%3A%22XARELTO%22&count=patient.reaction.reactionmeddrapt.exact&limit=500,2026-05-11T18:54:39,
XARELTO,PULMONARY EMBOLISM,3809,364,0.09556313993174062,5018,9,1.31740614334471,RECOVERED_COMPATIBLE_MAGNITUDE,https://api.fda.gov/drug/event.json?search=patient.drug.medicinalproduct.exact%3A%22XARELTO%22&count=patient.reaction.reactionmeddrapt.exact&limit=500,2026-05-11T18:54:39,
XARELTO,DYSPNOEA,1736,115,0.06624423963133641,5884,5,3.389400921658986,RECOVERED_COMPATIBLE_MAGNITUDE,https://api.fda.gov/drug/event.json?search=patient.drug.medicinalproduct.exact%3A%22XARELTO%22&count=patient.reaction.reactionmeddrapt.exact&limit=500,2026-05-11T18:54:39,
XARELTO,HAEMOPTYSIS,1487,333,0.22394082044384667,2099,44,1.4115669132481505,RECOVERED_COMPATIBLE_MAGNITUDE,https://api.fda.gov/drug/event.json?search=patient.drug.medicinalproduct.exact%3A%22XARELTO%22&count=patient.reaction.reactionmeddrapt.exact&limit=500,2026-05-11T18:54:39,
XARELTO,RESPIRATORY FAILURE,558,320,0.5734767025089605,993,103,1.7795698924731183,RECOVERED_COMPATIBLE_MAGNITUDE,https://api.fda.gov/drug/event.json?search=patient.drug.medicinalproduct.exact%3A%22XARELTO%22&count=patient.reaction.reactionmeddrapt.exact&limit=500,2026-05-11T18:54:39,
XARELTO,COUGH,415,14,0.033734939759036145,2242,38,5.402409638554217,RECOVERED_COMPATIBLE_MAGNITUDE,https://api.fda.gov/drug/event.json?search=patient.drug.medicinalproduct.exact%3A%22XARELTO%22&count=patient.reaction.reactionmeddrapt.exact&limit=500,2026-05-11T18:54:39,
XARELTO,PULMONARY HAEMORRHAGE,270,109,0.40370370370370373,367,238,1.3592592592592592,RECOVERED_COMPATIBLE_MAGNITUDE,https://api.fda.gov/drug/event.json?search=patient.drug.medicinalproduct.exact%3A%22XARELTO%22&count=patient.reaction.reactionmeddrapt.exact&limit=500,2026-05-11T18:54:39,
XARELTO,ACUTE RESPIRATORY FAILURE,262,151,0.5763358778625954,497,180,1.8969465648854962,RECOVERED_COMPATIBLE_MAGNITUDE,https://api.fda.gov/drug/event.json?search=patient.drug.medicinalproduct.exact%3A%22XARELTO%22&count=patient.reaction.reactionmeddrapt.exact&limit=500,2026-05-11T18:54:39,
XOLAIR,ASTHMA,5962,164,0.027507547802750755,7869,4,1.3198591076819859,RECOVERED_COMPATIBLE_MAGNITUDE,https://api.fda.gov/drug/event.json?search=patient.drug.medicinalproduct.exact%3A%22XOLAIR%22&count=patient.reaction.reactionmeddrapt.exact&limit=500,2026-05-11T18:54:39,
XOLAIR,DYSPNOEA,4854,88,0.018129377832715288,6559,5,1.3512566955088587,RECOVERED_COMPATIBLE_MAGNITUDE,https://api.fda.gov/drug/event.json?search=patient.drug.medicinalproduct.exact%3A%22XOLAIR%22&count=patient.reaction.reactionmeddrapt.exact&limit=500,2026-05-11T18:54:39,
XOLAIR,COUGH,3105,50,0.01610305958132045,4325,9,1.392914653784219,RECOVERED_COMPATIBLE_MAGNITUDE,https://api.fda.gov/drug/event.json?search=patient.drug.medicinalproduct.exact%3A%22XOLAIR%22&count=patient.reaction.reactionmeddrapt.exact&limit=500,2026-05-11T18:54:39,
XOLAIR,WHEEZING,2187,42,0.019204389574759947,3088,13,1.4119798811156836,RECOVERED_COMPATIBLE_MAGNITUDE,https://api.fda.gov/drug/event.json?search=patient.drug.medicinalproduct.exact%3A%22XOLAIR%22&count=patient.reaction.reactionmeddrapt.exact&limit=500,2026-05-11T18:54:39,
XOLAIR,PRODUCTIVE COUGH,1143,35,0.03062117235345582,1587,30,1.3884514435695539,RECOVERED_COMPATIBLE_MAGNITUDE,https://api.fda.gov/drug/event.json?search=patient.drug.medicinalproduct.exact%3A%22XOLAIR%22&count=patient.reaction.reactionmeddrapt.exact&limit=500,2026-05-11T18:54:39,
XOLAIR,OROPHARYNGEAL PAIN,1010,9,0.00891089108910891,1322,42,1.308910891089109,RECOVERED_COMPATIBLE_MAGNITUDE,https://api.fda.gov/drug/event.json?search=patient.drug.medicinalproduct.exact%3A%22XOLAIR%22&count=patient.reaction.reactionmeddrapt.exact&limit=500,2026-05-11T18:54:39,
XOLAIR,NASAL CONGESTION,962,19,0.01975051975051975,1319,43,1.3711018711018712,RECOVERED_COMPATIBLE_MAGNITUDE,https://api.fda.gov/drug/event.json?search=patient.drug.medicinalproduct.exact%3A%22XOLAIR%22&count=patient.reaction.reactionmeddrapt.exact&limit=500,2026-05-11T18:54:39,
XOLAIR,RHINORRHOEA,751,9,0.011984021304926764,1000,60,1.3315579227696406,RECOVERED_COMPATIBLE_MAGNITUDE,https://api.fda.gov/drug/event.json?search=patient.drug.medicinalproduct.exact%3A%22XOLAIR%22&count=patient.reaction.reactionmeddrapt.exact&limit=500,2026-05-11T18:54:39,
